CustomerID,Name,Age,Gender,Region,Income,Subscribed,Website
1,Jordan1,45,Female,West,80990.33,Yes,www.customerportal.com
2,Alex2,38,Female,West,73869.51,Yes,www.customerportal.com
3,Casey3,47,Female,West,60894.46,Yes,www.customerportal.com
4,Morgan4,58,Male,South,50295.95,Yes,nan
5,Morgan5,37,Female,East,70473.35,No,www.customerportal.com
6,Taylor6,37,Female,East,65902.28,No,www.customerportal.com
7,Jordan7,58,Female,East,73427.9,Yes,nan
8,Quinn8,49,Female,North,69527.58,No,www.customerportal.com
9,Jordan9,34,Female,North,75743.29,Yes,www.customerportal.com
10,Avery10,46,Female,South,51971.47,Yes,www.customerportal.com
11,Jamie11,34,Female,North,79760.91,Yes,nan
12,Alex12,34,Male,South,62963.99,Yes,www.customerportal.com
13,Alex13,42,Male,West,91128.91,No,www.customerportal.com
14,Jordan14,18,Female,South,49662.18,No,www.customerportal.com
15,Morgan15,19,Male,North,86039.46,Yes,nan
16,Morgan16,33,Female,West,62968.66,Yes,www.customerportal.com
17,Quinn17,27,Male,West,50228.73,Yes,www.customerportal.com
18,Avery18,43,Female,South,52741.71,Yes,www.customerportal.com
19,Alex19,29,Female,East,55194.79,Yes,www.customerportal.com
20,Quinn20,23,Female,North,66362.49,Yes,www.customerportal.com
21,Morgan21,57,Female,North,67842.53,No,www.customerportal.com
22,Quinn22,37,Male,East,51394.5,No,www.customerportal.com
23,Jamie23,40,Female,North,59634.68,Yes,www.customerportal.com
24,Morgan24,22,Male,East,92134.06,No,www.customerportal.com
25,Drew25,33,Male,East,85913.15,Yes,www.customerportal.com
26,Avery26,41,Female,West,66544.86,Yes,www.customerportal.com
27,Casey27,26,Male,West,60570.05,Yes,www.customerportal.com
28,Alex28,44,Female,South,61800.47,Yes,www.customerportal.com
29,Taylor29,32,Male,West,69202.77,No,nan
30,Jamie30,36,Female,East,44658.11,Yes,www.customerportal.com
31,Riley31,32,Male,South,56139.35,Yes,www.customerportal.com
32,Casey32,62,Male,North,34971.24,Yes,www.customerportal.com
33,Taylor33,39,Female,East,65988.35,Yes,www.customerportal.com
34,Morgan34,27,Male,South,69707.94,No,www.customerportal.com
35,Riley35,49,Male,West,52752.2,Yes,www.customerportal.com
36,Jordan36,25,Female,East,83609.8,Yes,www.customerportal.com
37,Jordan37,42,Female,South,41613.52,Yes,www.customerportal.com
38,Jamie38,18,Female,North,38034.38,Yes,www.customerportal.com
39,Jordan39,24,Female,East,63366.78,Yes,www.customerportal.com
40,Riley40,42,Male,East,75706.47,Yes,www.customerportal.com
41,Riley41,48,Female,South,85258.92,Yes,nan
42,Avery42,42,Female,South,53116.74,No,nan
43,Casey43,38,Female,West,76180.21,No,www.customerportal.com
44,Alex44,36,Female,West,59422.37,No,nan
45,Drew45,22,Male,East,57410.59,Yes,www.customerportal.com
46,Quinn46,31,Male,North,73254.9,Yes,www.customerportal.com
47,Jordan47,34,Male,West,69784.84,Yes,www.customerportal.com
48,Jamie48,52,Female,North,36354.12,No,www.customerportal.com
49,Jordan49,44,Male,South,82148.11,Yes,www.customerportal.com
50,Quinn50,18,Male,South,80701.37,Yes,www.customerportal.com
51,Casey51,43,Female,West,50616.56,Yes,www.customerportal.com
52,Avery52,35,Male,East,65937.05,Yes,www.customerportal.com
53,Riley53,31,Male,South,67410.45,Yes,nan
54,Avery54,47,Female,North,63910.11,Yes,www.customerportal.com
55,Morgan55,52,Male,East,51745.42,No,nan
56,Jordan56,51,Female,West,49925.65,Yes,www.customerportal.com
57,Alex57,29,Male,South,59616.69,Yes,www.customerportal.com
58,Morgan58,36,Male,West,77590.94,Yes,nan
59,Casey59,43,Female,East,68154.0,Yes,www.customerportal.com
60,Jordan60,51,Male,East,54440.79,Yes,www.customerportal.com
61,Morgan61,34,Female,East,71575.48,No,www.customerportal.com
62,Jordan62,37,Female,North,20000.0,Yes,www.customerportal.com
63,Jamie63,26,Female,East,77231.49,No,www.customerportal.com
64,Casey64,25,Female,East,33904.29,Yes,nan
65,Drew65,49,Male,South,54563.39,Yes,www.customerportal.com
66,Riley66,56,Male,North,43204.95,No,www.customerportal.com
67,Taylor67,39,Female,North,40579.78,Yes,www.customerportal.com
68,Riley68,52,Male,West,77412.4,Yes,nan
69,Riley69,44,Male,East,52984.48,Yes,www.customerportal.com
70,Morgan70,32,Male,South,65197.56,Yes,www.customerportal.com
71,Casey71,44,Male,West,59296.19,No,www.customerportal.com
72,Jordan72,58,Female,East,67155.61,Yes,nan
73,Avery73,39,Male,North,61152.33,No,www.customerportal.com
74,Taylor74,58,Female,East,40755.12,No,www.customerportal.com
75,Quinn75,18,Male,East,74944.0,Yes,www.customerportal.com
76,Morgan76,49,Male,South,52593.65,No,www.customerportal.com
77,Taylor77,41,Female,South,36651.27,Yes,www.customerportal.com
78,Drew78,36,Female,South,53578.27,No,www.customerportal.com
79,Jamie79,41,Female,West,82511.4,Yes,nan
80,Casey80,18,Female,South,72753.33,Yes,www.customerportal.com
81,Quinn81,37,Male,West,54770.22,Yes,www.customerportal.com
82,Morgan82,44,Female,East,54761.13,Yes,www.customerportal.com
83,Riley83,57,Female,West,55175.47,Yes,www.customerportal.com
84,Alex84,33,Male,West,91151.22,No,nan
85,Morgan85,30,Male,South,65729.03,Yes,www.customerportal.com
86,Alex86,33,Female,South,66450.62,Yes,www.customerportal.com
87,Riley87,50,Female,North,75454.25,No,nan
88,Jamie88,43,Female,West,63581.84,Yes,www.customerportal.com
89,Casey89,33,Female,East,56114.37,No,www.customerportal.com
90,Jordan90,46,Female,North,57054.75,No,nan
91,Morgan91,41,Female,North,58925.98,No,www.customerportal.com
92,Avery92,51,Female,North,59441.67,No,www.customerportal.com
93,Riley93,31,Male,South,70914.44,Yes,www.customerportal.com
94,Morgan94,36,Female,South,60779.19,Yes,www.customerportal.com
95,Drew95,35,Female,South,70989.6,No,www.customerportal.com
96,Jamie96,22,Male,East,58789.25,Yes,www.customerportal.com
97,Drew97,43,Male,West,61179.53,Yes,www.customerportal.com
98,Taylor98,43,Female,North,30026.99,Yes,nan
99,Casey99,40,Female,South,73744.92,No,www.customerportal.com
100,Taylor100,37,Female,West,65197.33,Yes,www.customerportal.com
101,Morgan101,23,Female,North,74970.15,Yes,www.customerportal.com
102,Quinn102,34,Male,West,20000.0,Yes,www.customerportal.com
103,Quinn103,35,Female,North,91325.62,Yes,www.customerportal.com
104,Casey104,30,Female,West,57906.16,Yes,www.customerportal.com
105,Avery105,38,Male,South,76622.74,Yes,www.customerportal.com
106,Jamie106,44,Male,West,44401.41,Yes,nan
107,Avery107,62,Female,West,69191.61,No,nan
108,Jamie108,42,Female,North,44198.77,Yes,www.customerportal.com
109,Riley109,43,Male,West,50643.47,No,www.customerportal.com
110,Morgan110,39,Female,East,88710.47,No,www.customerportal.com
111,Taylor111,18,Male,North,57139.76,Yes,www.customerportal.com
112,Quinn112,39,Male,West,63261.49,Yes,www.customerportal.com
113,Drew113,40,Female,East,73051.02,Yes,www.customerportal.com
114,Jordan114,69,Male,North,67435.23,No,www.customerportal.com
115,Alex115,37,Male,South,62256.28,Yes,nan
116,Jordan116,43,Male,North,65474.42,Yes,nan
117,Taylor117,39,Female,North,96051.23,Yes,www.customerportal.com
118,Taylor118,25,Female,West,59135.72,Yes,www.customerportal.com
119,Jamie119,53,Male,East,63016.49,Yes,www.customerportal.com
120,Avery120,49,Female,North,75759.82,Yes,nan
121,Jordan121,49,Male,North,76582.89,No,nan
122,Jamie122,29,Male,North,77805.45,Yes,www.customerportal.com
123,Jamie123,56,Female,West,69580.95,Yes,www.customerportal.com
124,Avery124,23,Female,North,42854.93,Yes,nan
125,Drew125,47,Female,East,84501.47,No,www.customerportal.com
126,Quinn126,66,Male,West,42804.82,Yes,nan
127,Casey127,28,Male,South,64539.53,No,www.customerportal.com
128,Quinn128,33,Male,South,48685.86,Yes,www.customerportal.com
129,Alex129,41,Female,West,59037.92,Yes,nan
130,Jordan130,33,Female,East,64931.44,Yes,www.customerportal.com
131,Quinn131,21,Male,West,64820.36,Yes,www.customerportal.com
132,Casey132,40,Female,West,66328.81,Yes,www.customerportal.com
133,Riley133,27,Female,West,84205.67,Yes,www.customerportal.com
134,Jordan134,45,Female,West,66803.01,No,nan
135,Casey135,28,Female,North,56337.65,Yes,www.customerportal.com
136,Jamie136,58,Male,South,74461.31,Yes,www.customerportal.com
137,Taylor137,30,Female,East,77842.06,Yes,www.customerportal.com
138,Drew138,36,Male,North,41585.88,Yes,www.customerportal.com
139,Alex139,49,Male,South,68961.0,Yes,www.customerportal.com
140,Casey140,25,Male,West,70517.59,Yes,www.customerportal.com
141,Quinn141,42,Female,South,55536.55,Yes,nan
142,Taylor142,55,Female,South,80635.6,Yes,nan
143,Quinn143,20,Male,North,57749.17,Yes,www.customerportal.com
144,Jordan144,42,Female,North,61883.65,Yes,www.customerportal.com
145,Casey145,43,Male,East,57403.92,Yes,www.customerportal.com
146,Quinn146,49,Female,West,60233.69,Yes,www.customerportal.com
147,Avery147,25,Male,West,43555.87,No,www.customerportal.com
148,Morgan148,24,Female,West,38399.24,Yes,nan
149,Taylor149,46,Female,South,83917.58,Yes,www.customerportal.com
150,Riley150,43,Female,South,47295.58,Yes,www.customerportal.com
151,Taylor151,43,Female,West,45129.11,No,www.customerportal.com
152,Quinn152,44,Female,East,27699.15,No,www.customerportal.com
153,Quinn153,31,Male,South,50415.57,Yes,www.customerportal.com
154,Alex154,42,Male,East,40153.65,No,www.customerportal.com
155,Avery155,43,Female,South,84630.23,Yes,www.customerportal.com
156,Riley156,31,Male,North,75147.26,Yes,www.customerportal.com
157,Drew157,62,Female,North,49677.74,No,www.customerportal.com
158,Alex158,45,Male,West,93786.54,No,www.customerportal.com
159,Jordan159,25,Male,North,74726.48,Yes,www.customerportal.com
160,Riley160,47,Female,South,55127.53,Yes,www.customerportal.com
161,Casey161,28,Female,South,22508.91,Yes,www.customerportal.com
162,Morgan162,49,Female,North,94364.14,Yes,www.customerportal.com
163,Alex163,53,Male,North,39156.41,No,nan
164,Morgan164,30,Male,North,35319.02,Yes,www.customerportal.com
165,Avery165,51,Male,West,75338.56,Yes,www.customerportal.com
166,Jordan166,44,Male,North,96596.29,Yes,www.customerportal.com
167,Jordan167,49,Female,South,80764.09,Yes,www.customerportal.com
168,Drew168,62,Female,North,68458.64,Yes,www.customerportal.com
169,Jordan169,37,Male,West,68921.32,Yes,www.customerportal.com
170,Quinn170,30,Male,West,72801.23,No,nan
171,Taylor171,29,Male,South,71383.93,No,www.customerportal.com
172,Taylor172,30,Male,South,64217.87,Yes,www.customerportal.com
173,Drew173,39,Female,North,61563.02,No,www.customerportal.com
174,Quinn174,44,Female,South,59061.1,No,www.customerportal.com
175,Taylor175,43,Female,East,48690.53,No,www.customerportal.com
176,Casey176,49,Female,South,55789.87,Yes,nan
177,Quinn177,40,Male,East,34605.65,Yes,www.customerportal.com
178,Avery178,57,Female,East,58524.91,Yes,www.customerportal.com
179,Jamie179,36,Male,South,45171.13,Yes,nan
180,Morgan180,72,Female,East,43446.16,Yes,nan
181,Quinn181,47,Female,South,62698.41,Yes,nan
182,Morgan182,29,Female,South,80880.03,Yes,www.customerportal.com
183,Casey183,27,Male,West,73774.75,No,nan
184,Jamie184,45,Female,East,36442.49,Yes,www.customerportal.com
185,Riley185,37,Male,East,45155.58,Yes,www.customerportal.com
186,Drew186,48,Female,North,74111.57,No,www.customerportal.com
187,Quinn187,45,Female,South,45262.69,No,www.customerportal.com
188,Drew188,39,Male,West,56630.5,No,www.customerportal.com
189,Jordan189,29,Female,West,68250.78,No,www.customerportal.com
190,Morgan190,21,Male,North,45474.83,Yes,www.customerportal.com
191,Morgan191,34,Female,East,61580.63,No,www.customerportal.com
192,Jordan192,50,Female,West,39989.62,Yes,www.customerportal.com
193,Riley193,42,Male,East,50979.49,Yes,www.customerportal.com
194,Alex194,25,Female,West,64796.73,Yes,www.customerportal.com
195,Avery195,42,Female,West,36105.09,Yes,www.customerportal.com
196,Quinn196,44,Male,South,66607.12,Yes,nan
197,Morgan197,29,Male,East,59705.43,Yes,nan
198,Avery198,41,Female,West,68287.35,No,www.customerportal.com
199,Morgan199,40,Male,South,63358.71,Yes,www.customerportal.com
200,Alex200,26,Male,West,80462.11,Yes,www.customerportal.com
201,Jordan201,44,Male,South,61878.37,No,www.customerportal.com
202,Alex202,46,Male,South,53558.92,Yes,www.customerportal.com
203,Morgan203,52,Female,East,61834.46,Yes,www.customerportal.com
204,Jordan204,52,Male,South,68149.47,Yes,www.customerportal.com
205,Alex205,23,Male,West,60732.9,Yes,www.customerportal.com
206,Riley206,28,Male,North,60608.88,Yes,www.customerportal.com
207,Jordan207,46,Male,West,49470.12,No,www.customerportal.com
208,Quinn208,46,Male,West,50056.49,Yes,nan
209,Morgan209,46,Male,South,38960.92,Yes,nan
210,Casey210,80,Male,West,86243.65,No,www.customerportal.com
211,Drew211,46,Female,South,41342.05,No,www.customerportal.com
212,Morgan212,53,Male,East,49606.42,Yes,www.customerportal.com
213,Quinn213,51,Male,South,49223.89,Yes,nan
214,Taylor214,47,Female,East,73423.87,Yes,www.customerportal.com
215,Avery215,36,Male,North,55575.75,Yes,www.customerportal.com
216,Avery216,49,Male,West,78716.13,Yes,www.customerportal.com
217,Drew217,30,Female,East,49897.64,Yes,www.customerportal.com
218,Morgan218,37,Male,North,64184.91,No,www.customerportal.com
219,Drew219,34,Male,South,47469.79,Yes,www.customerportal.com
220,Jamie220,40,Male,North,92177.24,Yes,www.customerportal.com
221,Morgan221,67,Male,East,42186.02,Yes,nan
222,Jordan222,18,Male,West,64647.31,Yes,nan
223,Jordan223,48,Female,North,69506.65,Yes,www.customerportal.com
224,Jamie224,20,Male,North,66206.99,Yes,www.customerportal.com
225,Riley225,34,Female,South,57220.69,No,www.customerportal.com
226,Jamie226,53,Male,South,58052.69,Yes,www.customerportal.com
227,Jamie227,40,Male,West,60657.17,Yes,www.customerportal.com
228,Drew228,27,Female,South,57794.97,Yes,www.customerportal.com
229,Alex229,31,Male,East,74458.19,Yes,www.customerportal.com
230,Jordan230,48,Male,East,93157.85,Yes,www.customerportal.com
231,Alex231,31,Female,North,51637.62,Yes,www.customerportal.com
232,Jamie232,42,Male,South,39452.96,Yes,www.customerportal.com
233,Riley233,40,Male,South,58675.77,Yes,www.customerportal.com
234,Jordan234,32,Female,North,98695.64,No,www.customerportal.com
235,Morgan235,65,Female,West,47944.88,No,nan
236,Morgan236,47,Female,South,84586.75,No,www.customerportal.com
237,Morgan237,18,Male,South,85165.51,No,www.customerportal.com
238,Quinn238,42,Female,West,51696.18,Yes,nan
239,Drew239,32,Male,South,68534.75,No,www.customerportal.com
240,Taylor240,50,Male,East,84425.95,Yes,www.customerportal.com
241,Jamie241,30,Female,East,54313.08,No,nan
242,Taylor242,38,Female,West,56946.29,No,www.customerportal.com
243,Casey243,46,Male,West,51274.79,No,www.customerportal.com
244,Drew244,50,Male,East,44778.65,No,nan
245,Morgan245,25,Female,East,50260.84,Yes,www.customerportal.com
246,Jordan246,35,Female,East,41640.9,Yes,www.customerportal.com
247,Drew247,34,Female,East,60511.25,Yes,nan
248,Quinn248,32,Male,West,48450.4,Yes,www.customerportal.com
249,Jordan249,61,Female,West,63506.79,Yes,www.customerportal.com
250,Alex250,44,Female,North,36661.57,Yes,nan
251,Quinn251,24,Male,West,64963.2,No,nan
252,Alex252,51,Male,East,72502.93,Yes,www.customerportal.com
253,Jordan253,65,Female,South,30093.97,No,www.customerportal.com
254,Morgan254,52,Male,East,65610.85,No,www.customerportal.com
255,Taylor255,21,Male,East,78415.03,No,www.customerportal.com
256,Jamie256,34,Male,West,41855.38,No,www.customerportal.com
257,Drew257,55,Female,North,85088.59,Yes,www.customerportal.com
258,Drew258,31,Female,South,66285.29,No,www.customerportal.com
259,Morgan259,45,Female,South,49424.82,No,www.customerportal.com
260,Jamie260,49,Female,North,59163.46,Yes,www.customerportal.com
261,Alex261,28,Female,East,68374.9,Yes,nan
262,Taylor262,39,Female,West,61140.08,No,nan
263,Jamie263,18,Male,East,68081.34,Yes,www.customerportal.com
264,Alex264,27,Male,South,46189.9,Yes,www.customerportal.com
265,Jamie265,36,Male,South,62540.41,Yes,www.customerportal.com
266,Casey266,25,Female,East,38794.28,Yes,www.customerportal.com
267,Drew267,59,Female,South,58331.61,Yes,www.customerportal.com
268,Casey268,22,Male,West,46441.39,No,www.customerportal.com
269,Jamie269,34,Female,South,48967.05,Yes,www.customerportal.com
270,Quinn270,41,Female,West,78541.4,Yes,www.customerportal.com
271,Drew271,57,Female,East,76369.65,Yes,www.customerportal.com
272,Taylor272,22,Female,East,69137.07,Yes,www.customerportal.com
273,Morgan273,53,Female,West,43615.31,No,www.customerportal.com
274,Casey274,40,Male,West,55253.87,Yes,www.customerportal.com
275,Morgan275,28,Female,West,78196.47,Yes,www.customerportal.com
276,Alex276,45,Female,South,62125.75,Yes,www.customerportal.com
277,Avery277,42,Female,East,94789.94,Yes,www.customerportal.com
278,Quinn278,32,Female,South,65899.77,No,nan
279,Alex279,40,Female,South,62880.74,No,www.customerportal.com
280,Riley280,35,Male,West,55363.25,Yes,www.customerportal.com
281,Alex281,41,Female,South,62003.11,Yes,www.customerportal.com
282,Alex282,47,Male,North,57712.95,Yes,www.customerportal.com
283,Avery283,59,Male,North,70621.63,Yes,www.customerportal.com
284,Drew284,25,Male,North,74350.53,Yes,www.customerportal.com
285,Quinn285,65,Male,North,48210.16,Yes,www.customerportal.com
286,Quinn286,18,Female,North,40031.51,Yes,www.customerportal.com
287,Taylor287,38,Male,West,32456.92,Yes,www.customerportal.com
288,Alex288,47,Female,South,67619.87,No,www.customerportal.com
289,Quinn289,43,Male,South,43449.5,No,www.customerportal.com
290,Jordan290,32,Male,North,27706.64,Yes,nan
291,Taylor291,37,Female,South,65828.68,No,www.customerportal.com
292,Jordan292,34,Male,North,97394.99,Yes,www.customerportal.com
293,Avery293,32,Female,South,59908.94,Yes,www.customerportal.com
294,Jordan294,50,Female,West,72577.36,No,nan
295,Morgan295,44,Female,East,61227.44,No,www.customerportal.com
296,Jamie296,31,Male,North,58516.66,No,www.customerportal.com
297,Jordan297,50,Female,West,73786.15,Yes,nan
298,Avery298,43,Female,West,55645.88,Yes,www.customerportal.com
299,Morgan299,49,Female,North,64010.88,No,www.customerportal.com
300,Avery300,47,Male,North,64825.47,Yes,www.customerportal.com
301,Avery301,30,Male,West,49978.64,Yes,www.customerportal.com
302,Alex302,33,Male,North,74880.64,Yes,nan
303,Avery303,48,Female,North,57375.6,Yes,www.customerportal.com
304,Jordan304,47,Male,East,48663.82,Yes,nan
305,Jamie305,39,Male,East,68047.65,Yes,www.customerportal.com
306,Avery306,41,Female,North,46522.98,No,www.customerportal.com
307,Avery307,55,Female,West,60422.72,Yes,www.customerportal.com
308,Quinn308,32,Male,South,59863.22,Yes,nan
309,Riley309,46,Female,North,76288.43,Yes,www.customerportal.com
310,Casey310,37,Male,North,67120.47,Yes,www.customerportal.com
311,Morgan311,37,Female,South,59624.6,Yes,www.customerportal.com
312,Riley312,53,Male,South,72266.49,Yes,www.customerportal.com
313,Morgan313,49,Female,South,80853.11,No,www.customerportal.com
314,Casey314,49,Male,East,68367.15,Yes,www.customerportal.com
315,Jamie315,55,Male,East,60155.29,No,www.customerportal.com
316,Taylor316,40,Female,East,40322.46,Yes,www.customerportal.com
317,Casey317,48,Female,West,44023.3,Yes,nan
318,Drew318,36,Female,North,55421.63,Yes,www.customerportal.com
319,Riley319,43,Female,East,50857.32,Yes,www.customerportal.com
320,Jordan320,38,Male,West,57195.43,No,www.customerportal.com
321,Alex321,41,Male,West,60849.75,Yes,www.customerportal.com
322,Drew322,47,Male,South,67945.39,Yes,nan
323,Avery323,30,Female,South,58942.52,No,www.customerportal.com
324,Avery324,65,Male,East,67297.52,No,nan
325,Jordan325,27,Male,North,60967.12,No,nan
326,Jordan326,25,Male,North,30368.0,Yes,www.customerportal.com
327,Quinn327,53,Male,North,45909.97,No,nan
328,Morgan328,49,Male,West,57838.69,Yes,www.customerportal.com
329,Quinn329,47,Female,West,41854.58,Yes,nan
330,Casey330,47,Female,West,68998.93,Yes,www.customerportal.com
331,Taylor331,39,Female,West,82961.26,Yes,www.customerportal.com
332,Riley332,29,Female,North,78281.43,Yes,www.customerportal.com
333,Jordan333,40,Male,North,56798.36,Yes,www.customerportal.com
334,Morgan334,31,Female,South,82360.89,No,www.customerportal.com
335,Riley335,51,Female,North,62230.01,Yes,www.customerportal.com
336,Casey336,38,Female,West,54943.71,Yes,www.customerportal.com
337,Taylor337,30,Male,West,50798.96,Yes,www.customerportal.com
338,Drew338,36,Male,East,55462.95,No,www.customerportal.com
339,Quinn339,44,Male,North,54177.35,Yes,www.customerportal.com
340,Casey340,33,Male,North,62556.24,Yes,www.customerportal.com
341,Avery341,30,Male,South,62408.61,No,www.customerportal.com
342,Quinn342,42,Male,South,60045.69,No,www.customerportal.com
343,Alex343,42,Female,West,66554.07,Yes,www.customerportal.com
344,Quinn344,33,Female,East,77859.69,Yes,www.customerportal.com
345,Casey345,34,Female,North,74243.31,No,www.customerportal.com
346,Jordan346,42,Female,North,37726.53,Yes,www.customerportal.com
347,Taylor347,22,Female,East,21691.18,Yes,www.customerportal.com
348,Casey348,23,Female,North,74014.8,No,www.customerportal.com
349,Jordan349,31,Female,South,39496.82,Yes,nan
350,Jordan350,37,Male,East,56628.52,Yes,www.customerportal.com
351,Quinn351,43,Male,North,42448.3,Yes,www.customerportal.com
352,Taylor352,57,Female,South,32970.29,Yes,www.customerportal.com
353,Casey353,50,Female,South,68121.94,Yes,www.customerportal.com
354,Casey354,38,Male,West,71387.33,No,www.customerportal.com
355,Avery355,39,Female,North,51352.34,Yes,www.customerportal.com
356,Morgan356,27,Female,East,21134.37,Yes,www.customerportal.com
357,Riley357,39,Female,South,51806.33,Yes,www.customerportal.com
358,Morgan358,36,Male,South,65877.06,Yes,www.customerportal.com
359,Casey359,43,Male,West,37816.33,No,www.customerportal.com
360,Quinn360,30,Female,East,62750.4,Yes,www.customerportal.com
361,Drew361,46,Male,West,59770.35,Yes,www.customerportal.com
362,Casey362,58,Male,South,68689.37,Yes,www.customerportal.com
363,Alex363,38,Male,North,61793.71,Yes,nan
364,Jordan364,44,Female,East,45403.97,Yes,www.customerportal.com
365,Jamie365,48,Male,North,77948.57,No,nan
366,Casey366,35,Male,North,57622.06,No,www.customerportal.com
367,Alex367,42,Female,West,59590.43,Yes,www.customerportal.com
368,Alex368,40,Female,South,46000.98,Yes,www.customerportal.com
369,Riley369,41,Female,North,53350.77,No,www.customerportal.com
370,Taylor370,30,Male,East,46727.96,No,www.customerportal.com
371,Casey371,40,Male,West,57405.81,Yes,www.customerportal.com
372,Taylor372,45,Female,East,85675.63,Yes,www.customerportal.com
373,Drew373,57,Female,North,39421.48,Yes,www.customerportal.com
374,Quinn374,51,Male,East,35796.58,No,www.customerportal.com
375,Jamie375,65,Male,West,82067.55,No,www.customerportal.com
376,Quinn376,30,Female,West,56860.14,Yes,www.customerportal.com
377,Alex377,50,Male,South,49963.91,Yes,www.customerportal.com
378,Jordan378,42,Female,East,75598.57,No,nan
379,Jordan379,66,Male,West,50915.77,No,www.customerportal.com
380,Taylor380,30,Female,West,87390.15,No,www.customerportal.com
381,Quinn381,29,Male,South,70168.89,No,www.customerportal.com
382,Alex382,32,Female,West,52681.33,Yes,nan
383,Riley383,18,Male,North,92359.62,Yes,www.customerportal.com
384,Avery384,33,Female,East,50914.28,Yes,nan
385,Quinn385,30,Male,South,71131.43,Yes,www.customerportal.com
386,Taylor386,41,Female,North,64489.39,Yes,www.customerportal.com
387,Jamie387,44,Female,North,79526.12,No,www.customerportal.com
388,Taylor388,62,Female,East,83422.67,Yes,www.customerportal.com
389,Alex389,51,Female,South,60480.06,No,www.customerportal.com
390,Casey390,33,Female,West,48698.73,Yes,nan
391,Riley391,29,Male,South,66899.58,No,nan
392,Alex392,45,Female,West,49834.27,Yes,www.customerportal.com
393,Riley393,24,Male,East,90200.81,Yes,www.customerportal.com
394,Morgan394,61,Female,East,62048.03,Yes,www.customerportal.com
395,Morgan395,54,Male,North,54520.18,Yes,nan
396,Jordan396,34,Female,North,62770.2,No,www.customerportal.com
397,Riley397,19,Female,North,39793.11,No,nan
398,Quinn398,56,Male,East,45425.79,Yes,nan
399,Jamie399,38,Female,West,78006.21,Yes,www.customerportal.com
400,Avery400,54,Male,East,50146.59,Yes,www.customerportal.com
401,Taylor401,20,Male,East,44296.34,Yes,nan
402,Morgan402,32,Female,North,68049.79,No,www.customerportal.com
403,Taylor403,40,Female,South,77785.56,No,nan
404,Taylor404,40,Male,North,70784.3,Yes,www.customerportal.com
405,Jamie405,34,Female,South,74940.72,No,www.customerportal.com
406,Alex406,47,Female,West,48648.07,Yes,nan
407,Taylor407,27,Female,West,38672.84,No,www.customerportal.com
408,Riley408,38,Male,West,82520.0,Yes,www.customerportal.com
409,Jamie409,41,Female,North,55159.8,No,www.customerportal.com
410,Morgan410,46,Male,North,56237.5,No,www.customerportal.com
411,Casey411,48,Male,North,79922.91,Yes,nan
412,Taylor412,26,Male,East,68343.45,No,nan
413,Jordan413,21,Male,North,66838.32,Yes,www.customerportal.com
414,Jamie414,55,Female,East,92475.04,Yes,www.customerportal.com
415,Alex415,43,Female,West,50347.23,Yes,nan
416,Drew416,31,Male,North,73917.6,No,www.customerportal.com
417,Morgan417,58,Male,East,60855.2,No,nan
418,Morgan418,41,Male,West,64028.88,No,www.customerportal.com
419,Drew419,54,Male,West,82927.03,No,www.customerportal.com
420,Riley420,40,Female,North,67617.54,Yes,nan
421,Casey421,64,Male,South,68074.44,No,www.customerportal.com
422,Morgan422,61,Male,South,76087.61,Yes,www.customerportal.com
423,Morgan423,37,Male,West,54525.71,Yes,www.customerportal.com
424,Alex424,51,Male,South,47411.85,Yes,www.customerportal.com
425,Morgan425,47,Male,South,44327.86,No,www.customerportal.com
426,Jamie426,56,Female,East,30504.65,No,www.customerportal.com
427,Riley427,28,Female,East,90843.11,Yes,www.customerportal.com
428,Casey428,48,Female,East,43451.87,Yes,www.customerportal.com
429,Jordan429,52,Female,West,56681.2,No,www.customerportal.com
430,Casey430,18,Female,South,55847.8,Yes,www.customerportal.com
431,Riley431,25,Male,North,64611.1,No,nan
432,Quinn432,18,Female,South,72236.06,No,www.customerportal.com
433,Jamie433,36,Male,West,72907.1,Yes,www.customerportal.com
434,Quinn434,48,Female,East,51253.84,Yes,www.customerportal.com
435,Riley435,58,Female,West,57493.17,No,www.customerportal.com
436,Alex436,40,Female,East,64238.7,No,www.customerportal.com
437,Jordan437,59,Female,West,56269.63,Yes,www.customerportal.com
438,Casey438,23,Male,North,84110.18,No,www.customerportal.com
439,Taylor439,19,Female,East,67364.62,Yes,nan
440,Avery440,39,Male,East,71023.17,Yes,www.customerportal.com
441,Casey441,44,Female,South,69943.22,No,www.customerportal.com
442,Alex442,39,Female,West,77602.11,No,www.customerportal.com
443,Jordan443,18,Female,South,62715.32,Yes,nan
444,Avery444,38,Male,West,40547.52,No,www.customerportal.com
445,Jamie445,24,Male,North,65995.32,Yes,www.customerportal.com
446,Riley446,48,Female,South,50229.65,Yes,nan
447,Riley447,44,Female,East,52070.75,Yes,www.customerportal.com
448,Jamie448,28,Male,North,68795.46,No,www.customerportal.com
449,Avery449,33,Male,West,78574.25,Yes,www.customerportal.com
450,Quinn450,27,Female,East,60319.07,Yes,www.customerportal.com
451,Jordan451,39,Female,West,64632.5,Yes,www.customerportal.com
452,Jamie452,51,Male,East,85533.22,No,nan
453,Avery453,28,Female,West,63611.3,Yes,www.customerportal.com
454,Morgan454,46,Male,East,99025.25,No,www.customerportal.com
455,Casey455,33,Female,West,68482.64,Yes,www.customerportal.com
456,Alex456,30,Female,South,33588.56,Yes,nan
457,Jamie457,38,Male,East,71300.12,Yes,nan
458,Alex458,27,Male,East,65717.38,No,www.customerportal.com
459,Quinn459,33,Female,South,79346.29,No,www.customerportal.com
460,Quinn460,25,Male,West,70097.72,Yes,www.customerportal.com
461,Morgan461,63,Female,East,57923.16,Yes,www.customerportal.com
462,Riley462,40,Male,South,41635.53,Yes,nan
463,Jamie463,31,Male,West,56864.65,Yes,nan
464,Jordan464,42,Male,East,47242.19,Yes,www.customerportal.com
465,Riley465,38,Male,East,51292.15,Yes,www.customerportal.com
466,Avery466,37,Female,West,68828.68,Yes,nan
467,Riley467,47,Female,South,85048.57,Yes,www.customerportal.com
468,Jordan468,49,Male,East,65920.07,Yes,www.customerportal.com
469,Casey469,33,Female,West,42061.75,No,www.customerportal.com
470,Quinn470,33,Female,East,66669.04,Yes,www.customerportal.com
471,Casey471,36,Female,West,77949.47,Yes,www.customerportal.com
472,Jamie472,18,Female,East,50853.26,No,www.customerportal.com
473,Riley473,21,Female,North,57989.74,Yes,www.customerportal.com
474,Jamie474,56,Female,South,60220.32,Yes,www.customerportal.com
475,Casey475,59,Male,South,48226.53,Yes,www.customerportal.com
476,Quinn476,37,Female,North,69724.21,Yes,www.customerportal.com
477,Taylor477,46,Male,West,58185.78,Yes,www.customerportal.com
478,Morgan478,43,Female,South,66292.99,Yes,www.customerportal.com
479,Jamie479,76,Male,West,46687.62,No,www.customerportal.com
480,Jamie480,53,Female,East,53438.13,Yes,nan
481,Taylor481,38,Female,North,70835.72,Yes,www.customerportal.com
482,Avery482,28,Female,West,54407.5,Yes,www.customerportal.com
483,Avery483,20,Male,West,85904.46,Yes,www.customerportal.com
484,Casey484,42,Female,South,54005.46,Yes,www.customerportal.com
485,Jamie485,30,Male,East,63370.27,No,nan
486,Quinn486,22,Male,South,73988.86,Yes,www.customerportal.com
487,Alex487,32,Female,East,38724.51,Yes,nan
488,Casey488,27,Female,South,33587.87,Yes,www.customerportal.com
489,Casey489,60,Female,West,37115.16,Yes,www.customerportal.com
490,Morgan490,50,Male,West,78938.76,No,www.customerportal.com
491,Jamie491,39,Male,North,51722.13,Yes,www.customerportal.com
492,Avery492,57,Female,West,98372.99,Yes,www.customerportal.com
493,Avery493,40,Female,West,51536.29,Yes,www.customerportal.com
494,Riley494,29,Female,West,62768.27,No,www.customerportal.com
495,Drew495,58,Male,West,83131.65,Yes,www.customerportal.com
496,Drew496,46,Male,North,90091.39,Yes,www.customerportal.com
497,Drew497,27,Female,East,90922.55,No,www.customerportal.com
498,Morgan498,37,Female,North,78125.49,No,www.customerportal.com
499,Quinn499,29,Male,North,75360.94,Yes,www.customerportal.com
500,Drew500,23,Female,South,68887.9,Yes,www.customerportal.com
501,Taylor501,51,Female,East,71675.42,Yes,www.customerportal.com
502,Jordan502,62,Male,South,51732.21,Yes,www.customerportal.com
503,Casey503,23,Male,North,47727.02,Yes,www.customerportal.com
504,Quinn504,46,Female,West,59949.38,Yes,www.customerportal.com
505,Avery505,32,Female,East,57447.23,Yes,www.customerportal.com
506,Riley506,34,Male,West,53201.58,Yes,www.customerportal.com
507,Jordan507,32,Male,North,70445.81,Yes,www.customerportal.com
508,Morgan508,29,Male,North,74329.58,No,nan
509,Casey509,40,Male,North,61326.1,Yes,www.customerportal.com
510,Morgan510,30,Male,East,82162.95,Yes,nan
511,Morgan511,43,Female,South,42874.66,Yes,www.customerportal.com
512,Taylor512,39,Male,South,57095.11,No,www.customerportal.com
513,Alex513,37,Male,West,49247.67,Yes,www.customerportal.com
514,Alex514,29,Female,East,32001.95,Yes,www.customerportal.com
515,Morgan515,33,Male,West,58759.79,Yes,www.customerportal.com
516,Drew516,49,Female,West,58173.79,Yes,www.customerportal.com
517,Avery517,46,Male,South,82701.75,Yes,www.customerportal.com
518,Jordan518,28,Male,East,69462.18,Yes,nan
519,Drew519,41,Male,North,44637.2,Yes,nan
520,Jamie520,49,Male,West,87811.39,No,www.customerportal.com
521,Avery521,19,Female,North,78315.51,Yes,www.customerportal.com
522,Morgan522,46,Male,East,68731.47,Yes,www.customerportal.com
523,Jamie523,32,Female,West,56602.74,No,www.customerportal.com
524,Drew524,46,Female,North,45608.41,Yes,www.customerportal.com
525,Jamie525,30,Male,North,54416.9,Yes,www.customerportal.com
526,Morgan526,18,Female,South,76331.23,Yes,www.customerportal.com
527,Taylor527,20,Female,East,88268.79,Yes,www.customerportal.com
528,Alex528,40,Female,East,83148.65,No,www.customerportal.com
529,Jordan529,43,Male,East,52667.26,No,www.customerportal.com
530,Jamie530,29,Male,West,43205.74,Yes,www.customerportal.com
531,Morgan531,47,Female,South,62113.29,Yes,www.customerportal.com
532,Taylor532,20,Female,West,33473.41,No,www.customerportal.com
533,Quinn533,39,Male,East,64847.52,No,www.customerportal.com
534,Drew534,25,Female,West,57785.96,No,www.customerportal.com
535,Alex535,32,Female,North,53009.45,Yes,www.customerportal.com
536,Quinn536,40,Female,West,36079.45,Yes,www.customerportal.com
537,Morgan537,29,Female,West,67704.0,No,www.customerportal.com
538,Jordan538,35,Female,East,52009.49,Yes,nan
539,Drew539,52,Female,North,42451.25,Yes,nan
540,Taylor540,33,Male,East,20000.0,Yes,www.customerportal.com
541,Drew541,50,Male,North,59587.28,Yes,www.customerportal.com
542,Quinn542,26,Male,North,86583.77,Yes,nan
543,Quinn543,46,Female,North,84918.89,Yes,www.customerportal.com
544,Avery544,57,Male,East,53143.56,No,www.customerportal.com
545,Riley545,18,Female,North,50966.82,Yes,www.customerportal.com
546,Drew546,30,Female,South,67031.61,No,www.customerportal.com
547,Avery547,46,Male,South,45024.22,Yes,www.customerportal.com
548,Quinn548,37,Male,South,64526.88,Yes,www.customerportal.com
549,Jamie549,44,Female,South,71491.2,No,nan
550,Quinn550,32,Male,East,78404.0,Yes,nan
551,Drew551,41,Male,West,58497.69,Yes,www.customerportal.com
552,Taylor552,38,Female,West,56944.89,Yes,nan
553,Drew553,54,Female,South,46830.26,Yes,www.customerportal.com
554,Drew554,43,Male,West,47596.79,No,www.customerportal.com
555,Casey555,44,Female,South,56602.82,No,www.customerportal.com
556,Morgan556,35,Male,South,65510.48,Yes,nan
557,Casey557,34,Male,West,73703.77,Yes,www.customerportal.com
558,Quinn558,34,Female,West,47952.32,Yes,www.customerportal.com
559,Drew559,44,Female,North,82390.33,No,www.customerportal.com
560,Morgan560,34,Male,South,55933.15,Yes,nan
561,Casey561,43,Female,West,59679.49,Yes,www.customerportal.com
562,Drew562,64,Male,West,48791.82,Yes,www.customerportal.com
563,Jordan563,50,Female,West,23636.4,Yes,www.customerportal.com
564,Casey564,36,Female,North,73260.68,Yes,www.customerportal.com
565,Morgan565,54,Male,South,71052.66,No,nan
566,Casey566,35,Female,South,55780.09,Yes,nan
567,Riley567,18,Male,East,61004.86,Yes,www.customerportal.com
568,Riley568,27,Female,North,67739.09,No,www.customerportal.com
569,Quinn569,18,Male,North,36561.81,No,www.customerportal.com
570,Jordan570,35,Male,South,52064.21,Yes,www.customerportal.com
571,Taylor571,40,Female,East,71913.97,Yes,nan
572,Taylor572,60,Male,East,41185.66,Yes,www.customerportal.com
573,Morgan573,43,Female,South,64403.37,Yes,www.customerportal.com
574,Jamie574,37,Male,West,39651.27,Yes,www.customerportal.com
575,Taylor575,49,Male,North,66996.45,Yes,www.customerportal.com
576,Morgan576,18,Male,East,59465.38,Yes,www.customerportal.com
577,Jordan577,42,Female,West,35773.02,No,www.customerportal.com
578,Jamie578,49,Female,East,77471.09,Yes,www.customerportal.com
579,Jamie579,22,Male,West,48981.13,Yes,www.customerportal.com
580,Riley580,53,Female,West,47846.21,Yes,www.customerportal.com
581,Quinn581,44,Female,North,63008.54,No,www.customerportal.com
582,Drew582,35,Male,East,77229.56,No,nan
583,Jamie583,47,Male,East,44762.67,No,www.customerportal.com
584,Alex584,67,Male,West,60925.2,No,www.customerportal.com
585,Morgan585,42,Female,South,66432.25,No,www.customerportal.com
586,Jamie586,42,Male,East,70396.58,Yes,www.customerportal.com
587,Jamie587,34,Male,North,62646.62,Yes,www.customerportal.com
588,Avery588,29,Female,South,54494.58,Yes,nan
589,Alex589,49,Male,East,47586.15,No,www.customerportal.com
590,Avery590,29,Female,North,61292.16,No,www.customerportal.com
591,Jamie591,40,Male,South,43917.91,Yes,www.customerportal.com
592,Drew592,34,Female,East,20000.0,Yes,www.customerportal.com
593,Alex593,45,Male,North,66548.4,Yes,www.customerportal.com
594,Riley594,44,Male,South,73559.02,No,nan
595,Casey595,52,Male,East,24556.01,Yes,nan
596,Jamie596,33,Female,South,44854.04,Yes,www.customerportal.com
597,Jamie597,36,Female,West,69287.31,Yes,www.customerportal.com
598,Quinn598,28,Male,West,90862.43,Yes,www.customerportal.com
599,Quinn599,34,Male,South,60311.91,No,nan
600,Avery600,44,Female,West,49079.96,Yes,www.customerportal.com
601,Morgan601,49,Male,West,57256.55,No,www.customerportal.com
602,Drew602,28,Male,South,80623.15,Yes,www.customerportal.com
603,Morgan603,50,Male,West,50310.54,Yes,nan
604,Casey604,56,Female,South,48012.12,Yes,nan
605,Jamie605,44,Female,South,52758.85,No,www.customerportal.com
606,Drew606,62,Male,West,45700.07,Yes,www.customerportal.com
607,Alex607,30,Female,East,61840.05,Yes,www.customerportal.com
608,Jamie608,25,Male,South,84370.18,Yes,nan
609,Riley609,18,Female,South,64846.19,No,www.customerportal.com
610,Jamie610,57,Male,East,56214.7,Yes,www.customerportal.com
611,Taylor611,47,Male,West,55622.83,No,www.customerportal.com
612,Drew612,39,Female,North,36552.14,Yes,www.customerportal.com
613,Taylor613,43,Male,East,73246.65,Yes,www.customerportal.com
614,Avery614,26,Male,North,58832.44,Yes,nan
615,Quinn615,69,Female,West,57292.8,Yes,www.customerportal.com
616,Alex616,41,Female,South,107896.61,Yes,www.customerportal.com
617,Jamie617,41,Male,South,64481.29,Yes,www.customerportal.com
618,Avery618,48,Female,West,48723.13,Yes,www.customerportal.com
619,Avery619,45,Female,West,53604.64,No,www.customerportal.com
620,Alex620,42,Female,West,77226.69,Yes,nan
621,Jordan621,30,Male,West,61699.06,No,www.customerportal.com
622,Jamie622,45,Female,West,38425.83,Yes,nan
623,Taylor623,62,Male,West,73788.43,Yes,nan
624,Drew624,56,Female,West,49977.84,Yes,www.customerportal.com
625,Taylor625,59,Male,South,88099.47,Yes,www.customerportal.com
626,Alex626,33,Male,North,76200.72,Yes,www.customerportal.com
627,Casey627,28,Female,North,53290.17,Yes,www.customerportal.com
628,Jamie628,38,Male,South,79215.25,Yes,www.customerportal.com
629,Riley629,40,Male,East,61017.83,Yes,www.customerportal.com
630,Morgan630,53,Female,North,72791.61,No,www.customerportal.com
631,Drew631,19,Female,East,67270.99,No,www.customerportal.com
632,Riley632,58,Male,South,47304.65,Yes,www.customerportal.com
633,Riley633,38,Female,East,50346.75,Yes,www.customerportal.com
634,Jamie634,34,Female,South,75449.41,Yes,www.customerportal.com
635,Casey635,27,Male,West,54978.37,Yes,www.customerportal.com
636,Jamie636,20,Male,West,53945.27,Yes,www.customerportal.com
637,Casey637,49,Male,North,45673.16,Yes,nan
638,Jordan638,40,Female,North,66353.99,Yes,www.customerportal.com
639,Drew639,24,Male,East,90937.87,Yes,nan
640,Alex640,24,Female,East,43987.01,Yes,www.customerportal.com
641,Quinn641,35,Male,North,60363.29,No,www.customerportal.com
642,Alex642,60,Male,West,81183.31,No,www.customerportal.com
643,Riley643,36,Male,South,58805.38,Yes,www.customerportal.com
644,Morgan644,21,Male,West,66785.58,No,www.customerportal.com
645,Jordan645,37,Female,North,44064.1,No,www.customerportal.com
646,Alex646,36,Female,South,66424.61,Yes,www.customerportal.com
647,Alex647,18,Female,East,57192.84,Yes,www.customerportal.com
648,Morgan648,39,Female,North,74785.95,Yes,nan
649,Morgan649,37,Female,West,77810.79,No,nan
650,Alex650,48,Male,East,98843.45,No,www.customerportal.com
651,Avery651,62,Male,East,68694.5,Yes,www.customerportal.com
652,Taylor652,53,Female,North,64886.94,Yes,www.customerportal.com
653,Morgan653,36,Female,West,62915.76,Yes,www.customerportal.com
654,Taylor654,26,Male,North,54702.51,Yes,nan
655,Drew655,70,Female,South,65077.26,Yes,nan
656,Jordan656,40,Female,South,55568.98,No,www.customerportal.com
657,Avery657,40,Male,East,62526.91,Yes,nan
658,Morgan658,39,Female,West,79763.96,No,www.customerportal.com
659,Drew659,42,Female,South,44901.86,No,www.customerportal.com
660,Casey660,38,Female,South,77098.18,No,www.customerportal.com
661,Riley661,33,Female,South,79756.73,Yes,nan
662,Taylor662,33,Female,South,58228.97,Yes,nan
663,Avery663,39,Female,North,28172.18,Yes,nan
664,Avery664,33,Male,East,50882.67,Yes,www.customerportal.com
665,Jordan665,31,Female,East,79454.92,Yes,www.customerportal.com
666,Taylor666,41,Female,South,59656.98,Yes,www.customerportal.com
667,Casey667,36,Female,East,45010.47,Yes,www.customerportal.com
668,Jordan668,58,Female,East,52428.38,Yes,www.customerportal.com
669,Avery669,18,Male,East,72609.3,Yes,nan
670,Alex670,53,Female,East,68201.0,Yes,www.customerportal.com
671,Casey671,54,Male,North,56416.02,No,www.customerportal.com
672,Avery672,18,Female,South,54497.63,No,www.customerportal.com
673,Jamie673,35,Male,West,54123.63,Yes,www.customerportal.com
674,Jamie674,35,Female,North,46163.85,Yes,www.customerportal.com
675,Morgan675,23,Female,East,84230.64,Yes,www.customerportal.com
676,Jordan676,30,Male,South,55165.19,Yes,www.customerportal.com
677,Avery677,26,Male,South,78257.38,Yes,www.customerportal.com
678,Morgan678,61,Female,South,82819.74,No,www.customerportal.com
679,Jordan679,51,Female,South,74974.66,Yes,www.customerportal.com
680,Casey680,55,Female,East,53525.7,Yes,www.customerportal.com
681,Avery681,48,Female,South,66055.95,Yes,www.customerportal.com
682,Jordan682,26,Female,West,59637.07,Yes,nan
683,Avery683,33,Male,West,46444.47,Yes,www.customerportal.com
684,Alex684,45,Female,South,64865.39,Yes,www.customerportal.com
685,Riley685,25,Female,East,42314.4,Yes,www.customerportal.com
686,Quinn686,48,Female,West,77815.19,Yes,www.customerportal.com
687,Jamie687,37,Male,West,53030.74,Yes,nan
688,Riley688,35,Female,West,63017.39,Yes,www.customerportal.com
689,Jordan689,48,Female,North,64249.32,Yes,nan
690,Quinn690,45,Female,North,56116.43,No,www.customerportal.com
691,Riley691,35,Male,West,68800.41,Yes,www.customerportal.com
692,Alex692,53,Male,East,52876.45,Yes,www.customerportal.com
693,Jamie693,27,Female,East,73069.46,Yes,www.customerportal.com
694,Drew694,47,Female,West,39810.3,Yes,www.customerportal.com
695,Jordan695,47,Male,West,61895.69,Yes,www.customerportal.com
696,Jamie696,36,Male,East,89083.93,Yes,www.customerportal.com
697,Riley697,43,Male,North,44995.03,No,www.customerportal.com
698,Drew698,24,Female,North,49833.83,Yes,www.customerportal.com
699,Taylor699,51,Male,West,67708.62,Yes,www.customerportal.com
700,Jamie700,37,Male,East,62693.73,Yes,nan
701,Taylor701,33,Male,North,65259.45,No,www.customerportal.com
702,Quinn702,52,Male,West,67337.81,Yes,www.customerportal.com
703,Casey703,31,Female,South,69520.82,Yes,www.customerportal.com
704,Avery704,23,Female,West,76645.5,Yes,nan
705,Quinn705,21,Female,South,66147.28,Yes,www.customerportal.com
706,Drew706,47,Male,West,56381.14,Yes,www.customerportal.com
707,Drew707,24,Male,East,70088.61,Yes,nan
708,Jamie708,61,Female,East,88498.23,Yes,www.customerportal.com
709,Avery709,18,Female,East,58010.49,Yes,www.customerportal.com
710,Casey710,60,Female,East,45382.06,Yes,www.customerportal.com
711,Riley711,42,Female,South,76606.21,Yes,www.customerportal.com
712,Morgan712,38,Male,West,58194.28,No,www.customerportal.com
713,Jordan713,33,Male,East,27409.96,Yes,nan
714,Casey714,44,Female,North,72711.33,Yes,www.customerportal.com
715,Drew715,39,Female,North,51970.08,Yes,www.customerportal.com
716,Morgan716,53,Female,North,58642.0,Yes,www.customerportal.com
717,Drew717,41,Female,West,64979.7,No,www.customerportal.com
718,Avery718,41,Male,North,62857.5,Yes,www.customerportal.com
719,Avery719,35,Male,North,70641.78,Yes,www.customerportal.com
720,Jamie720,39,Male,South,53467.7,Yes,nan
721,Riley721,43,Male,West,67696.59,Yes,www.customerportal.com
722,Alex722,19,Female,West,56106.8,Yes,www.customerportal.com
723,Drew723,23,Female,North,71082.16,Yes,www.customerportal.com
724,Riley724,48,Male,West,69230.51,Yes,www.customerportal.com
725,Taylor725,42,Female,South,45968.42,No,nan
726,Drew726,37,Female,South,76289.73,Yes,www.customerportal.com
727,Morgan727,40,Female,East,51960.55,No,www.customerportal.com
728,Riley728,44,Male,South,72120.87,No,www.customerportal.com
729,Casey729,33,Female,East,65509.31,No,www.customerportal.com
730,Riley730,30,Female,North,87572.76,Yes,www.customerportal.com
731,Casey731,42,Male,East,56648.01,Yes,nan
732,Avery732,28,Male,East,54760.25,No,www.customerportal.com
733,Casey733,44,Male,North,59708.71,Yes,nan
734,Quinn734,19,Male,East,55452.3,Yes,www.customerportal.com
735,Alex735,52,Female,South,71999.13,No,www.customerportal.com
736,Quinn736,45,Male,North,35755.34,No,nan
737,Morgan737,43,Female,West,44194.76,Yes,www.customerportal.com
738,Jordan738,51,Male,East,43982.96,Yes,www.customerportal.com
739,Morgan739,59,Female,South,74254.61,Yes,www.customerportal.com
740,Jamie740,52,Female,West,85659.2,No,www.customerportal.com
741,Drew741,18,Male,North,58433.26,No,www.customerportal.com
742,Quinn742,24,Female,North,57467.67,Yes,www.customerportal.com
743,Morgan743,32,Female,North,61050.78,Yes,www.customerportal.com
744,Drew744,40,Male,South,77428.17,No,nan
745,Drew745,46,Male,West,46089.7,Yes,www.customerportal.com
746,Drew746,31,Female,North,63575.53,Yes,www.customerportal.com
747,Alex747,42,Male,South,74627.96,No,www.customerportal.com
748,Jordan748,30,Male,South,67516.41,Yes,www.customerportal.com
749,Casey749,32,Male,West,62843.72,Yes,nan
750,Morgan750,23,Male,North,75015.69,Yes,nan
751,Jamie751,28,Male,North,20000.0,Yes,www.customerportal.com
752,Morgan752,23,Female,East,70168.13,No,www.customerportal.com
753,Casey753,28,Male,North,50188.86,Yes,nan
754,Avery754,52,Female,West,32540.51,No,www.customerportal.com
755,Riley755,28,Female,South,67668.04,Yes,www.customerportal.com
756,Drew756,71,Female,West,80604.88,Yes,www.customerportal.com
757,Quinn757,45,Male,North,57938.27,Yes,www.customerportal.com
758,Quinn758,42,Male,South,74293.12,Yes,nan
759,Riley759,29,Male,West,84184.17,Yes,www.customerportal.com
760,Jamie760,48,Female,North,79723.72,Yes,www.customerportal.com
761,Quinn761,33,Female,North,84599.47,Yes,www.customerportal.com
762,Riley762,41,Female,North,71131.91,Yes,www.customerportal.com
763,Riley763,70,Female,East,61131.5,No,www.customerportal.com
764,Drew764,38,Female,East,35970.51,Yes,www.customerportal.com
765,Casey765,53,Male,East,56309.06,No,nan
766,Casey766,31,Male,South,47351.3,Yes,www.customerportal.com
767,Casey767,39,Female,West,92564.14,Yes,www.customerportal.com
768,Morgan768,61,Male,South,57361.71,Yes,nan
769,Jordan769,32,Female,South,61848.07,Yes,www.customerportal.com
770,Morgan770,61,Female,North,68272.28,Yes,nan
771,Riley771,48,Female,North,60654.04,No,www.customerportal.com
772,Jordan772,33,Male,South,85425.77,No,www.customerportal.com
773,Quinn773,47,Male,West,50660.26,Yes,www.customerportal.com
774,Taylor774,51,Male,East,62919.11,Yes,www.customerportal.com
775,Morgan775,47,Female,South,48862.94,No,www.customerportal.com
776,Morgan776,21,Male,South,40199.66,Yes,www.customerportal.com
777,Drew777,31,Male,West,50823.46,No,www.customerportal.com
778,Casey778,37,Male,West,59444.45,No,www.customerportal.com
779,Avery779,39,Female,South,53560.47,No,nan
780,Quinn780,47,Male,North,49613.69,Yes,www.customerportal.com
781,Avery781,42,Male,North,38905.24,Yes,nan
782,Casey782,23,Female,South,58753.42,Yes,www.customerportal.com
783,Jordan783,44,Male,North,37429.19,Yes,www.customerportal.com
784,Morgan784,47,Female,West,71400.84,No,nan
785,Casey785,46,Female,East,61236.6,Yes,www.customerportal.com
786,Morgan786,52,Male,West,38136.73,Yes,www.customerportal.com
787,Riley787,50,Female,East,55361.86,No,www.customerportal.com
788,Taylor788,45,Male,South,48717.65,No,nan
789,Casey789,39,Female,South,64787.62,No,www.customerportal.com
790,Alex790,20,Male,East,80106.76,No,www.customerportal.com
791,Quinn791,45,Female,North,31872.41,Yes,www.customerportal.com
792,Taylor792,42,Male,South,61725.39,Yes,www.customerportal.com
793,Casey793,43,Male,East,57598.01,No,www.customerportal.com
794,Alex794,24,Male,North,70070.1,Yes,nan
795,Alex795,27,Male,East,63197.95,Yes,www.customerportal.com
796,Quinn796,52,Female,South,48720.46,Yes,www.customerportal.com
797,Casey797,39,Male,South,55214.19,Yes,www.customerportal.com
798,Taylor798,48,Male,West,48059.61,No,www.customerportal.com
799,Drew799,40,Male,East,76140.11,Yes,www.customerportal.com
800,Jordan800,40,Male,North,60319.67,Yes,www.customerportal.com
801,Alex801,51,Female,South,88517.86,Yes,www.customerportal.com
802,Avery802,33,Male,West,59090.09,Yes,www.customerportal.com
803,Casey803,41,Female,West,49373.9,Yes,www.customerportal.com
804,Drew804,34,Male,North,37294.28,Yes,www.customerportal.com
805,Drew805,34,Female,South,32952.9,No,www.customerportal.com
806,Drew806,36,Female,West,36237.96,Yes,www.customerportal.com
807,Riley807,42,Female,North,64006.9,Yes,www.customerportal.com
808,Taylor808,34,Female,North,67630.88,Yes,www.customerportal.com
809,Alex809,55,Male,East,36282.14,Yes,www.customerportal.com
810,Casey810,29,Female,East,73425.57,Yes,www.customerportal.com
811,Drew811,37,Female,South,52754.08,No,www.customerportal.com
812,Jordan812,34,Female,West,62201.9,Yes,nan
813,Jordan813,57,Male,West,84183.31,No,nan
814,Jamie814,42,Male,East,73452.59,Yes,www.customerportal.com
815,Drew815,52,Male,South,55972.04,Yes,www.customerportal.com
816,Jordan816,22,Female,West,46632.12,Yes,www.customerportal.com
817,Avery817,43,Female,North,27722.77,No,www.customerportal.com
818,Alex818,50,Female,North,49212.7,Yes,www.customerportal.com
819,Taylor819,40,Female,North,56833.05,Yes,nan
820,Taylor820,52,Male,North,45192.31,Yes,www.customerportal.com
821,Avery821,33,Female,East,58031.15,Yes,nan
822,Casey822,56,Male,South,61152.78,Yes,nan
823,Jordan823,67,Female,North,56627.16,Yes,www.customerportal.com
824,Morgan824,35,Female,North,50249.96,Yes,www.customerportal.com
825,Jordan825,34,Female,West,62529.82,Yes,nan
826,Quinn826,57,Female,East,66629.11,Yes,www.customerportal.com
827,Jamie827,58,Male,West,43644.01,No,www.customerportal.com
828,Avery828,33,Female,West,81163.99,No,www.customerportal.com
829,Avery829,34,Male,West,58521.18,No,www.customerportal.com
830,Avery830,36,Female,North,60282.74,Yes,www.customerportal.com
831,Morgan831,23,Male,South,70623.22,Yes,nan
832,Quinn832,28,Female,East,63498.24,Yes,www.customerportal.com
833,Jamie833,27,Male,North,74297.05,Yes,nan
834,Drew834,30,Female,East,64306.86,Yes,nan
835,Drew835,39,Female,North,50813.44,Yes,www.customerportal.com
836,Casey836,42,Male,South,65422.55,Yes,www.customerportal.com
837,Avery837,58,Male,South,42844.11,Yes,www.customerportal.com
838,Jamie838,28,Male,East,61628.4,No,www.customerportal.com
839,Casey839,51,Male,West,59501.55,Yes,www.customerportal.com
840,Avery840,37,Female,North,56878.25,Yes,nan
841,Avery841,39,Female,East,58071.94,Yes,nan
842,Alex842,48,Female,West,31772.26,Yes,nan
843,Avery843,26,Male,South,51769.13,Yes,nan
844,Jordan844,44,Male,North,61392.67,No,www.customerportal.com
845,Morgan845,41,Female,South,62397.85,No,www.customerportal.com
846,Morgan846,45,Female,North,44584.87,Yes,nan
847,Casey847,43,Male,West,78985.62,No,www.customerportal.com
848,Jordan848,69,Male,North,47007.38,No,www.customerportal.com
849,Taylor849,32,Female,West,74541.86,No,www.customerportal.com
850,Morgan850,33,Female,North,66407.92,No,nan
851,Taylor851,32,Female,East,50306.59,Yes,nan
852,Quinn852,33,Female,South,86629.66,Yes,nan
853,Jordan853,32,Female,North,42095.45,Yes,nan
854,Taylor854,54,Male,North,73787.31,Yes,www.customerportal.com
855,Alex855,57,Male,South,75008.73,No,www.customerportal.com
856,Jamie856,33,Female,North,49940.7,Yes,www.customerportal.com
857,Drew857,30,Female,South,80886.98,No,www.customerportal.com
858,Avery858,45,Male,West,56249.3,No,www.customerportal.com
859,Drew859,33,Male,East,64330.4,No,www.customerportal.com
860,Casey860,47,Female,East,63904.83,No,nan
861,Alex861,42,Male,South,57985.37,Yes,www.customerportal.com
862,Morgan862,21,Male,East,72162.12,Yes,www.customerportal.com
863,Casey863,58,Female,South,71902.33,Yes,nan
864,Casey864,61,Female,East,33772.02,Yes,nan
865,Drew865,32,Female,North,79565.1,Yes,www.customerportal.com
866,Jordan866,35,Female,North,35062.62,Yes,www.customerportal.com
867,Morgan867,43,Male,East,75488.19,No,www.customerportal.com
868,Casey868,44,Male,West,76900.58,Yes,www.customerportal.com
869,Avery869,47,Female,East,43635.5,Yes,www.customerportal.com
870,Morgan870,64,Male,North,53837.79,Yes,nan
871,Jamie871,37,Female,East,43414.43,Yes,www.customerportal.com
872,Jordan872,30,Female,North,56776.18,Yes,nan
873,Quinn873,23,Female,West,55379.49,No,nan
874,Morgan874,31,Female,West,71694.91,Yes,www.customerportal.com
875,Taylor875,39,Male,East,79654.63,No,www.customerportal.com
876,Casey876,61,Female,North,80935.26,Yes,www.customerportal.com
877,Taylor877,33,Male,West,51567.48,No,www.customerportal.com
878,Jordan878,42,Male,South,56861.67,Yes,www.customerportal.com
879,Alex879,39,Female,East,34748.43,Yes,www.customerportal.com
880,Taylor880,54,Female,South,47911.95,Yes,nan
881,Casey881,70,Male,East,74472.77,No,nan
882,Avery882,33,Female,North,84233.74,Yes,www.customerportal.com
883,Avery883,34,Female,North,41484.77,Yes,www.customerportal.com
884,Casey884,52,Female,South,51113.04,No,www.customerportal.com
885,Drew885,48,Male,North,59603.91,No,www.customerportal.com
886,Jordan886,62,Male,North,64202.42,Yes,www.customerportal.com
887,Drew887,47,Male,North,47855.95,No,nan
888,Casey888,35,Female,South,66360.92,Yes,www.customerportal.com
889,Jamie889,47,Female,North,52892.41,Yes,www.customerportal.com
890,Casey890,53,Female,West,59783.22,Yes,www.customerportal.com
891,Quinn891,49,Female,East,68194.26,No,www.customerportal.com
892,Quinn892,46,Male,West,60096.33,No,www.customerportal.com
893,Drew893,52,Male,South,53454.21,Yes,www.customerportal.com
894,Drew894,54,Female,South,58355.85,Yes,www.customerportal.com
895,Jordan895,56,Male,North,58674.56,Yes,www.customerportal.com
896,Avery896,47,Male,West,54449.83,No,www.customerportal.com
897,Alex897,37,Male,South,56118.06,No,www.customerportal.com
898,Jamie898,41,Male,East,83979.71,Yes,www.customerportal.com
899,Riley899,54,Female,South,68413.79,No,nan
900,Avery900,30,Female,West,55567.8,No,www.customerportal.com
901,Casey901,44,Female,East,70454.32,Yes,www.customerportal.com
902,Alex902,35,Male,East,54992.71,Yes,www.customerportal.com
903,Jordan903,40,Male,North,77596.87,Yes,www.customerportal.com
904,Morgan904,55,Female,East,65544.63,Yes,www.customerportal.com
905,Avery905,42,Female,North,58390.47,Yes,www.customerportal.com
906,Avery906,40,Male,North,66715.75,Yes,www.customerportal.com
907,Alex907,23,Female,South,36436.86,No,www.customerportal.com
908,Casey908,48,Female,South,43098.49,Yes,nan
909,Avery909,47,Female,North,42091.12,Yes,www.customerportal.com
910,Alex910,65,Female,West,62144.15,Yes,nan
911,Taylor911,36,Female,North,85987.72,Yes,www.customerportal.com
912,Drew912,42,Female,West,93469.5,Yes,www.customerportal.com
913,Quinn913,42,Male,East,69570.77,Yes,www.customerportal.com
914,Drew914,58,Female,East,67512.67,Yes,www.customerportal.com
915,Casey915,38,Female,East,32984.13,Yes,www.customerportal.com
916,Taylor916,43,Male,North,51859.89,Yes,nan
917,Avery917,47,Female,West,48183.24,Yes,www.customerportal.com
918,Jamie918,42,Female,North,50687.29,No,www.customerportal.com
919,Drew919,34,Male,East,57477.84,Yes,nan
920,Jordan920,42,Female,South,52918.64,Yes,nan
921,Drew921,52,Female,East,30310.5,No,www.customerportal.com
922,Riley922,27,Male,East,71218.65,Yes,www.customerportal.com
923,Jamie923,41,Male,South,43908.85,Yes,www.customerportal.com
924,Riley924,31,Female,West,63588.7,No,www.customerportal.com
925,Riley925,54,Male,East,91111.24,Yes,www.customerportal.com
926,Jordan926,21,Female,West,46209.23,Yes,www.customerportal.com
927,Taylor927,33,Male,South,22045.69,No,www.customerportal.com
928,Riley928,44,Male,South,55709.94,No,www.customerportal.com
929,Jamie929,58,Male,South,76514.39,No,www.customerportal.com
930,Drew930,39,Male,North,89375.21,Yes,www.customerportal.com
931,Casey931,33,Male,West,41556.76,Yes,www.customerportal.com
932,Jamie932,62,Male,North,67450.49,Yes,www.customerportal.com
933,Quinn933,22,Female,South,53020.34,Yes,nan
934,Alex934,18,Female,East,58410.77,Yes,www.customerportal.com
935,Drew935,45,Female,North,99665.15,Yes,www.customerportal.com
936,Jordan936,33,Male,East,37455.45,No,www.customerportal.com
937,Riley937,27,Female,North,63806.09,Yes,www.customerportal.com
938,Casey938,48,Male,West,67015.4,Yes,www.customerportal.com
939,Riley939,42,Female,East,76286.79,Yes,nan
940,Jordan940,33,Female,North,61469.75,Yes,www.customerportal.com
941,Jamie941,24,Male,South,64620.76,Yes,www.customerportal.com
942,Quinn942,50,Male,South,54125.27,Yes,www.customerportal.com
943,Alex943,47,Male,West,64036.9,Yes,www.customerportal.com
944,Quinn944,38,Female,West,54852.12,Yes,www.customerportal.com
945,Drew945,62,Female,North,69323.58,No,www.customerportal.com
946,Jamie946,27,Female,South,54455.84,No,www.customerportal.com
947,Alex947,21,Female,East,65656.51,Yes,www.customerportal.com
948,Morgan948,31,Male,North,59561.06,Yes,www.customerportal.com
949,Quinn949,39,Female,North,76890.75,No,www.customerportal.com
950,Riley950,42,Female,South,59229.09,No,nan
951,Avery951,37,Female,West,33404.51,Yes,www.customerportal.com
952,Drew952,44,Female,East,78928.82,No,www.customerportal.com
953,Drew953,24,Female,West,46414.02,Yes,www.customerportal.com
954,Alex954,57,Male,North,50193.5,No,www.customerportal.com
955,Morgan955,39,Male,North,51065.08,No,www.customerportal.com
956,Casey956,53,Female,South,80616.57,Yes,nan
957,Quinn957,44,Female,West,27964.89,No,www.customerportal.com
958,Taylor958,45,Male,North,107066.23,Yes,www.customerportal.com
959,Casey959,46,Female,North,75840.85,No,www.customerportal.com
960,Drew960,45,Female,West,63348.58,Yes,nan
961,Drew961,47,Male,South,59176.59,No,www.customerportal.com
962,Jordan962,55,Female,South,64283.31,Yes,www.customerportal.com
963,Alex963,42,Female,East,67816.84,Yes,nan
964,Avery964,48,Female,East,69678.23,Yes,www.customerportal.com
965,Morgan965,38,Female,East,68334.07,No,nan
966,Taylor966,57,Female,West,61343.71,No,www.customerportal.com
967,Casey967,31,Female,East,57039.92,No,www.customerportal.com
968,Quinn968,61,Male,East,57730.9,No,www.customerportal.com
969,Alex969,39,Female,West,57076.38,Yes,www.customerportal.com
970,Quinn970,22,Female,East,77006.55,Yes,www.customerportal.com
971,Jamie971,41,Female,South,68903.35,Yes,nan
972,Jordan972,31,Male,North,20000.0,Yes,nan
973,Morgan973,50,Female,South,69838.51,Yes,www.customerportal.com
974,Jordan974,32,Male,South,62921.04,Yes,www.customerportal.com
975,Drew975,34,Female,North,59719.37,Yes,www.customerportal.com
976,Jordan976,18,Male,South,54172.22,Yes,www.customerportal.com
977,Taylor977,34,Female,North,76861.69,Yes,www.customerportal.com
978,Drew978,18,Female,South,74212.9,Yes,www.customerportal.com
979,Casey979,20,Female,West,48406.83,No,www.customerportal.com
980,Quinn980,49,Female,West,66105.78,No,www.customerportal.com
981,Casey981,49,Male,East,45425.15,No,www.customerportal.com
982,Jamie982,45,Male,West,39305.73,Yes,nan
983,Drew983,28,Female,North,50599.24,Yes,www.customerportal.com
984,Drew984,39,Female,East,72935.9,No,nan
985,Morgan985,39,Male,South,74296.88,Yes,www.customerportal.com
986,Drew986,26,Male,West,67696.28,Yes,www.customerportal.com
987,Quinn987,58,Male,East,70876.44,Yes,www.customerportal.com
988,Taylor988,50,Male,West,67742.67,Yes,www.customerportal.com
989,Jamie989,37,Male,East,50377.78,Yes,www.customerportal.com
990,Morgan990,40,Male,North,66478.84,Yes,www.customerportal.com
991,Avery991,42,Male,North,72006.14,Yes,nan
992,Quinn992,18,Male,South,71314.37,Yes,nan
993,Taylor993,37,Male,East,77833.7,Yes,nan
994,Jordan994,31,Female,North,70624.56,No,www.customerportal.com
995,Casey995,27,Female,South,65271.72,Yes,www.customerportal.com
996,Jamie996,36,Female,East,76052.25,Yes,www.customerportal.com
997,Riley997,61,Male,South,59602.18,No,www.customerportal.com
998,Quinn998,47,Male,North,46771.88,Yes,www.customerportal.com
999,Casey999,33,Male,South,57554.0,Yes,nan
1000,Alex1000,46,Male,East,48826.46,Yes,www.customerportal.com
